UserID,Username,Password,Email,Address,Phone,RoleID
101,user101,password11211,user101@example.com,101 Oak St,137-335-6192,2
102,user102,password11322,user102@example.com,102 Oak St,867-815-8813,2
103,user103,password11433,user103@example.com,103 Oak St,947-244-5225,2
104,user104,password11544,user104@example.com,104 Oak St,683-849-4462,2
105,user105,password11655,user105@example.com,105 Oak St,381-278-6396,2
106,user106,password11766,user106@example.com,106 Oak St,354-457-3962,2
107,user107,password11877,user107@example.com,107 Oak St,568-352-4562,2
108,user108,password11988,user108@example.com,108 Oak St,768-498-1562,2
109,user109,password12099,user109@example.com,109 Oak St,680-315-9151,2
110,user110,password12210,user110@example.com,110 Oak St,853-603-2888,2
111,user111,password12321,user111@example.com,111 Oak St,186-241-7121,2
112,user112,password12432,user112@example.com,112 Oak St,493-107-5415,2
113,user113,password12543,user113@example.com,113 Oak St,929-634-3561,2
114,user114,password12654,user114@example.com,114 Oak St,996-416-9920,2
115,user115,password12765,user115@example.com,115 Oak St,753-727-1431,2
116,user116,password12876,user116@example.com,116 Oak St,733-556-1542,2
117,user117,password12987,user117@example.com,117 Oak St,171-487-2478,2
118,user118,password13098,user118@example.com,118 Oak St,661-413-8108,2
119,user119,password13209,user119@example.com,119 Oak St,892-597-2612,2
120,user120,password13320,user120@example.com,120 Oak St,126-920-3669,2
121,user121,password13431,user121@example.com,121 Oak St,983-397-1015,2
122,user122,password13542,user122@example.com,122 Oak St,164-296-8906,2
123,user123,password13653,user123@example.com,123 Oak St,571-382-2046,2
124,user124,password13764,user124@example.com,124 Oak St,877-807-4047,2
125,user125,password13875,user125@example.com,125 Oak St,226-379-4428,2
126,user126,password13986,user126@example.com,126 Oak St,255-413-1648,2
127,user127,password14097,user127@example.com,127 Oak St,388-518-2679,2
128,user128,password14208,user128@example.com,128 Oak St,851-187-8961,2
129,user129,password14319,user129@example.com,129 Oak St,343-448-2214,2
130,user130,password14430,user130@example.com,130 Oak St,402-828-6271,2
131,user131,password14541,user131@example.com,131 Oak St,795-421-3944,2
132,user132,password14652,user132@example.com,132 Oak St,353-561-2798,2
133,user133,password14763,user133@example.com,133 Oak St,664-569-2478,2
134,user134,password14874,user134@example.com,134 Oak St,614-688-5059,2
135,user135,password14985,user135@example.com,135 Oak St,249-815-7407,2
136,user136,password15096,user136@example.com,136 Oak St,177-812-6195,2
137,user137,password15207,user137@example.com,137 Oak St,432-143-8710,2
138,user138,password15318,user138@example.com,138 Oak St,648-971-4885,2
139,user139,password15429,user139@example.com,139 Oak St,669-852-8676,2
140,user140,password15540,user140@example.com,140 Oak St,310-196-1269,2
141,user141,password15651,user141@example.com,141 Oak St,110-379-1889,2
142,user142,password15762,user142@example.com,142 Oak St,252-814-4212,2
143,user143,password15873,user143@example.com,143 Oak St,293-706-8740,2
144,user144,password15984,user144@example.com,144 Oak St,589-252-4410,2
145,user145,password16095,user145@example.com,145 Oak St,983-965-3178,2
146,user146,password16206,user146@example.com,146 Oak St,592-832-8862,2
147,user147,password16317,user147@example.com,147 Oak St,964-589-3518,2
148,user148,password16428,user148@example.com,148 Oak St,298-806-9519,2
149,user149,password16539,user149@example.com,149 Oak St,276-666-8183,2
150,user150,password16650,user150@example.com,150 Oak St,501-270-1020,2
151,user151,password16761,user151@example.com,151 Oak St,730-378-7629,2
152,user152,password16872,user152@example.com,152 Oak St,726-709-6813,2
153,user153,password16983,user153@example.com,153 Oak St,952-110-8264,2
154,user154,password17094,user154@example.com,154 Oak St,283-417-4640,2
155,user155,password17205,user155@example.com,155 Oak St,829-505-4303,2
156,user156,password17316,user156@example.com,156 Oak St,196-605-9147,2
157,user157,password17427,user157@example.com,157 Oak St,125-597-6006,2
158,user158,password17538,user158@example.com,158 Oak St,241-312-8796,2
159,user159,password17649,user159@example.com,159 Oak St,911-746-2741,2
160,user160,password17760,user160@example.com,160 Oak St,796-636-9642,2
161,user161,password17871,user161@example.com,161 Oak St,299-921-8493,2
162,user162,password17982,user162@example.com,162 Oak St,520-969-3808,2
163,user163,password18093,user163@example.com,163 Oak St,121-396-3267,2
164,user164,password18204,user164@example.com,164 Oak St,789-469-6423,2
165,user165,password18315,user165@example.com,165 Oak St,561-524-6582,2
166,user166,password18426,user166@example.com,166 Oak St,657-955-5752,2
167,user167,password18537,user167@example.com,167 Oak St,334-657-5547,2
168,user168,password18648,user168@example.com,168 Oak St,984-422-5509,2
169,user169,password18759,user169@example.com,169 Oak St,163-943-6588,2
170,user170,password18870,user170@example.com,170 Oak St,695-148-8456,2
171,user171,password18981,user171@example.com,171 Oak St,353-768-2311,2
172,user172,password19092,user172@example.com,172 Oak St,128-322-8498,2
173,user173,password19203,user173@example.com,173 Oak St,236-209-6731,2
174,user174,password19314,user174@example.com,174 Oak St,132-620-6716,2
175,user175,password19425,user175@example.com,175 Oak St,662-691-8337,2
176,user176,password19536,user176@example.com,176 Oak St,932-720-6331,2
177,user177,password19647,user177@example.com,177 Oak St,124-213-7932,2
178,user178,password19758,user178@example.com,178 Oak St,144-371-2694,2
179,user179,password19869,user179@example.com,179 Oak St,575-599-8955,2
180,user180,password19980,user180@example.com,180 Oak St,351-766-9583,2
181,user181,password20091,user181@example.com,181 Oak St,839-153-2455,2
182,user182,password20202,user182@example.com,182 Oak St,978-544-4827,2
183,user183,password20313,user183@example.com,183 Oak St,390-200-7035,2
184,user184,password20424,user184@example.com,184 Oak St,551-892-6726,2
185,user185,password20535,user185@example.com,185 Oak St,266-787-8399,2
186,user186,password20646,user186@example.com,186 Oak St,179-675-2834,2
187,user187,password20757,user187@example.com,187 Oak St,814-806-7976,2
188,user188,password20868,user188@example.com,188 Oak St,288-600-7350,2
189,user189,password20979,user189@example.com,189 Oak St,245-267-2187,2
190,user190,password21090,user190@example.com,190 Oak St,565-768-6782,2
191,user191,password21201,user191@example.com,191 Oak St,906-781-7602,2
192,user192,password21312,user192@example.com,192 Oak St,817-426-6785,2
193,user193,password21423,user193@example.com,193 Oak St,330-340-1690,2
194,user194,password21534,user194@example.com,194 Oak St,400-717-8424,2
195,user195,password21645,user195@example.com,195 Oak St,442-603-3832,2
196,user196,password21756,user196@example.com,196 Oak St,375-877-5720,2
197,user197,password21867,user197@example.com,197 Oak St,832-151-5975,2
198,user198,password21978,user198@example.com,198 Oak St,238-223-5420,2
199,user199,password22089,user199@example.com,199 Oak St,507-370-8871,2
200,user200,password22200,user200@example.com,200 Oak St,633-274-4452,2
